{
  "project_info": {
    "project_number": "784078705774",
    "firebase_url": "https://car-pool-971a7.firebaseio.com",
    "project_id": "car-pool-971a7",
    "storage_bucket": "car-pool-971a7.appspot.com"
  },
  "client": [
    {
      "client_info": {
        "mobilesdk_app_id": "1:784078705774:android:98fcf4f192313d3f",
        "android_client_info": {
          "package_name": "com.here.android.example.guidance"
        }
      },
      "oauth_client": [
        {
          "client_id": "784078705774-hp672j3vr0mdc13o36kl12smtuf47k50.apps.googleusercontent.com",
          "client_type": 3
        }
      ],
      "api_key": [
        {
          "current_key": "AIzaSyD36dRVqSxCUbxn0R5UWXiz16Wsl528sPE"
        }
      ],
      "services": {
        "analytics_service": {
          "status": 1
        },
        "appinvite_service": {
          "status": 1,
          "other_platform_oauth_client": []
        },
        "ads_service": {
          "status": 2
        }
      }
    }
  ],
  "configuration_version": "1"
}